cid,text,time,author,channel,votes,photo,heart
UgxUas6U2MKuLYHWXVp4AaABAg,"Check out ‚ÄúPizza Knockers‚Äù and our other sports related comedy and fantasy sports videos
https://youtu.be/H7oZFN_mEKE",7 months ago,Fantasy R&R,UCXaaK1F2oPy9gsxlTI8fNSQ,100,https://yt3.ggpht.com/2fKPhHAi6sS55bRfYafFG4Kz9BhuCqU49p0SqAEDKU9P8jdnc56qaVTgdoZawlib43-LI8h5vw=s176-c-k-c0x00ffffff-no-rj,False
Ugz5cXxW8h5a6WKmeE54AaABAg,that's a killer joke huh?,4 months ago,Aeo P,UCqLmyGq3k0cYUunEFWDSE5w,0,https://yt3.ggpht.com/ytc/AKedOLRMhGzSFro5_1hd6SII4lUyc-TM5EEhwRXoOelLTQ=s176-c-k-c0x00ffffff-no-rj,True
UgzCTV8pNf-R93RFNPh4AaABAg,It‚Äôs crazy because just before norm died I started watching him. Now that he‚Äôs gone and things are just never the same again.,5 months ago,B M,UCdWTI2S6nqr_ppqDagq1oyQ,0,https://yt3.ggpht.com/ytc/AKedOLSJR3rBYljlVzWlKn9YCgloyQtQMh21V9VMZRPVAA=s176-c-k-c0x00ffffff-no-rj,False
UgzPgX29Zif35od300d4AaABAg,"The absolute best joke is the moth joke, absolute gold!",5 months ago,nelkku,UCb4DWcyAkPUxd2L9loZGI4g,0,https://yt3.ggpht.com/ytc/AKedOLRgTA0-HI7rhkcZqkx6I_cN-VCFMz6P4TnE9w=s176-c-k-c0x00ffffff-no-rj,False
UgxO0Nl7SaVZMX0U8Wt4AaABAg,My favorite Norm OJ joke was the one about OJ's girlfriend dumping him on the same night that Colombian hitmen killed his wife :D The Bill Clinton OJ jokes were also great :D,5 months ago,crazyfvck,UCpvpBdqfpecVKTzUf1diKBQ,0,https://yt3.ggpht.com/ytc/AKedOLTQNUq4dEie3KkH6zdAq_N4BKTFBiVxPnE9HA=s176-c-k-c0x00ffffff-no-rj,False
UgzGkTc8ChZX5GcOjL54AaABAg,And this is one of at least a thousand reasons why Norm MacDonald was just amazing. Man I loved him. I still do but also I used to. ( Me trying to segue another dead comedian into a joke).,5 months ago,Kylie Humphries,UCMM22XFBVTaTZJZ0BqJZ9Jg,0,https://yt3.ggpht.com/ytc/AKedOLT2qnNDsviRWoRB0nU27_5islC6Wt_xYj_EM6aa0w=s176-c-k-c0x00ffffff-no-rj,False
UgywKQ5yDx02_RNc4Dd4AaABAg,"My personal favorite joke of his was ""The Boston marathon was held this week, this of course being the annual event where thousands of white people futilely chase some Kenyans through the streets of Boston""",5 months ago,gay videos,UCc8RsUuKYWvSylTKc6twpUw,0,https://yt3.ggpht.com/c1W1OIjgz2lqN1LNhVICUdmh3a_zcWGw4bHX8IzWekRqvX5Gzde87fSg45HeZsmbtmPWGeCxQwk=s176-c-k-c0x00ffffff-no-rj,False
Ugwm1yk9vBNTOauDirZ4AaABAg,I love how OJs name on the cover is bigger than the book title,5 months ago,seal in french,UCzz9d1tmEbXdqkUI1ufdrDw,0,https://yt3.ggpht.com/AAJ2oG56AUObgahJiVfjB1z5_IeIGiJQMOnwohq57xJesbJDuIMyxxHYMjMnzjaM9WlKraql=s176-c-k-c0x00ffffff-no-rj,False
UgxhI_gxu5giOCbYmfB4AaABAg,I thought I was the only one who saw this and knew it was gold,5 months ago,seal in french,UCzz9d1tmEbXdqkUI1ufdrDw,0,https://yt3.ggpht.com/AAJ2oG56AUObgahJiVfjB1z5_IeIGiJQMOnwohq57xJesbJDuIMyxxHYMjMnzjaM9WlKraql=s176-c-k-c0x00ffffff-no-rj,False
Ugz3FMOyQeh_zYHjiFh4AaABAg,"Zero Fucks after seeing this joke ‚ÄúOh my godü§≠ did he just say that ü§≠ he did, didn‚Äôt he ü§≠ I can‚Äôt believe he said that ü§≠‚Äù",5 months ago (edited),Pal Cockrum,UCbfm2LcGv68srcXHu7Jf_8w,0,https://yt3.ggpht.com/ytc/AKedOLQ2ncmTNXcOhvfHB43lAe8H3KfkuuhuGAeA0gzUsw=s176-c-k-c0x00ffffff-no-rj,False
UgzqhuqS8KtHEVOkheJ4AaABAg,"if norm was alive today,he would have roasted alec Baldwin killing",5 months ago,sameer ahmed,UCqyA4MT3UQjDVLTJyBG0Q6Q,0,https://yt3.ggpht.com/KUZg2ETsT8GpaAXaz6HqXqJ5oXme8H4nuO3AfKSGcvWI8Pb_6TwRgdpPzavHYxgIMe6RJkgirQ=s176-c-k-c0x00ffffff-no-rj,False
UgzCZs3CECkl_rTbjSZ4AaABAg,"My favourite OJ Simpson joke by Norm MacDonald:

""OJ announced this week he's coming out with a new book called ""I Want To Tell You"".  And if it's successful, OJ will work on yet another book titled ""From Football to Prison: My 25 Years of Showering With Other Men."""" - https://www.youtube.com/watch?v=2SSVIg4Noqc, timestamp 2:15",5 months ago,The Indian Pianist,UCgjLYYC1_CH8ObdUlEDXNFA,0,https://yt3.ggpht.com/rUIP4X0BCf7iNabOMq1Qnt7F3TDuAaFGflGPXQ0AHjtBFV_pLlV4BLt3HN52leGQKDXY0NmJ=s176-c-k-c0x00ffffff-no-rj,False
Ugx9HHkA6SxfjX2Y2UJ4AaABAg,Slash slash backslash escape is OJ's email address,6 months ago,Callum,UCuhFAi4kg4kVAUyZL6NbCOw,0,https://yt3.ggpht.com/wC5rWK_ajFxuvbUBiC1krjAlocoWsejoMdCBOXXLFRTRMD2ZREVau0woF9AEHwMwG5Jh65Ks=s176-c-k-c0x00ffffff-no-rj,False
UgxpzbNkNzVx3Z9Mk9p4AaABAg,I don't get it ?,6 months ago,goKu Lebron,UCiQiuzbZKzmqJATmoX4GAVg,1,https://yt3.ggpht.com/ytc/AKedOLTtMoKjvPFBF-5Y_cHQKkknDCKJu_RDM1RhKesB=s176-c-k-c0x00ffffff-no-rj,False
UgwmAeCfR9ZjHaiR_7p4AaABAg,"I like the one on the morning of the verdict where he says, ‚Äúbreaking news: murder is now legal in California.‚Äù",6 months ago,Matt Norton,UC95EoIGMWv8VVyWA4K02ENg,0,https://yt3.ggpht.com/ytc/AKedOLTAaDp-j54ZYfoldfOoB4IwHAm67TfTJo93behAMg=s176-c-k-c0x00ffffff-no-rj,False
UgwYss5mg89p9yA782p4AaABAg,"My favorite joke is when Norm says, in his words, that murder is now legal in the State of California. üòÇ",6 months ago,Precious One,UCyAoZHv5ECcjaZfSGd_mLxQ,0,https://yt3.ggpht.com/ytc/AKedOLTqrT_5-aH-eT6Me-1sTYDqFuO8rKqUcJ3s1A=s176-c-k-c0x00ffffff-no-rj,False
Ugz0iI5wnqC88NXRFWJ4AaABAg,OJ wasn't guilty of Murder.,6 months ago,U2BE Matchmaker,UCzv_7zbMszSKnFLbk1v5kUw,0,https://yt3.ggpht.com/BTkFSfVfqsyJcOWLuz5YX6I3GVT8CE2KE784xk5vCRMMbKPMz72VyxSHCzeRRUKbpNApB9TJ3XA=s176-c-k-c0x00ffffff-no-rj,False
UgzmiHJUAHy6c06eaBR4AaABAg,"The rough eight lately bomb because shame postprandially fail off a sore flood. rhetorical, perpetual israel",6 months ago,Joe Root,UCSwQw4MfCMN3mHCjfINgupw,0,https://yt3.ggpht.com/ytc/AKedOLS8CWf3Z4Q7MlUICz8ViNWqytCgcMm-t3ZkkCe1OEAUGCPmxqVJud58ULUlRFjs=s176-c-k-c0x00ffffff-no-rj,False
Ugw5DCrfkj7NiKELYdJ4AaABAg,"NORM!!!!!
We miss you, man!
Rest in Peace.üòî
Now we have to do our own ""Dirty Work""!!! üòâ",6 months ago,s mc,UCJILxvwwa1NWRrJtVNKIHPQ,0,https://yt3.ggpht.com/ytc/AKedOLSDvxa4qrqkYh9leXRIEBA6xeGdwpivnJAppQ=s176-c-k-c0x00ffffff-no-rj,False
UgxRyUPmnVN-tKqcobJ4AaABAg,"The conscious june arthroscopically shiver because brace basally bore throughout a marvelous punishment. quixotic, magenta community",6 months ago,Joe Root,UCSwQw4MfCMN3mHCjfINgupw,0,https://yt3.ggpht.com/ytc/AKedOLS8CWf3Z4Q7MlUICz8ViNWqytCgcMm-t3ZkkCe1OEAUGCPmxqVJud58ULUlRFjs=s176-c-k-c0x00ffffff-no-rj,False
UgzF7RYfSMyEDZ0vdDx4AaABAg,It's funny because it's the truth.,6 months ago,Dominik Kaskader,UCb9G7BYXJYVJfJQl5NbGx-A,0,https://yt3.ggpht.com/ytc/AKedOLRzg-VYhu__Aw-0SPiW9KeegrEI-RR3l0C9Bu_1=s176-c-k-c0x00ffffff-no-rj,False
UgxqqR-xsaiigLfqIgF4AaABAg,Perfect delivery,6 months ago,moon rock,UC0GhH8xO-EeB5vjAsdaKitQ,0,https://yt3.ggpht.com/guONkb5NoAOnuW3rD9SkojR7RSRPEXa6pVGVI_ygCKeGBAnNG_dAPjUXcTT_kw3mWU5xNw-Efg=s176-c-k-c0x00ffffff-no-rj,False
UgzrOtp1IDZPbTsVLNt4AaABAg,lord he's so fine,6 months ago,√úbermensch,UCHi56nv0lWP13blX4mLktOw,0,https://yt3.ggpht.com/L8b-dXY8ND2b-uSYQhFH1c8aZrF0j-HkOKgeJRCifpUuQuSNkL4RfKQXx6il4l11FUHik-LHmA=s176-c-k-c0x00ffffff-no-rj,False
Ugx3Y7CZv2SYzwtb8NN4AaABAg,This guy was FEARLESS in his comedy.,6 months ago,M.,UChHao2ZE5Ckc4yOkCMZ6oJQ,0,https://yt3.ggpht.com/ytc/AKedOLSqNEmkl21S02cFljMvZEFlmMt_FuaYqrSdUA=s176-c-k-c0x00ffffff-no-rj,False
UgyOmD8QdC1_gJIA5gp4AaABAg,A dark year for comedy.,7 months ago,Thomas Scott,UCtEpn6xctU5Sh9_uMgNsphA,0,https://yt3.ggpht.com/ytc/AKedOLTXVsnSVWS3g9cd1ZfCDb6VM9qXHuptogWRNP2SFyM=s176-c-k-c0x00ffffff-no-rj,False
UgyEINh78GmG0RCJMf54AaABAg,"I think oj was taking the fall to protect the real killer, and I think it was his son. He reacted like a truly innocent man when they said not guilty.",7 months ago,Von Milash,UCisq-Htz5X_TtHVDeNXy-cw,0,https://yt3.ggpht.com/ytc/AKedOLQHiAMnq63NqJN8mSj1zlNFtQtSh-hllQe6FA=s176-c-k-c0x00ffffff-no-rj,False
Ugy5n72LSTsJwu-1biN4AaABAg,"His best OJ joke was, after the trial, Norm comes out and says,"" It's official, murder is now legal in California"".",7 months ago,Anthony Cappucci,UCch1SOhtwnUYULmmVKtodQg,2,https://yt3.ggpht.com/ytc/AKedOLRToff-MZlSA-uDD8dVCtZuZ7EHYPaMAWzPs-1N=s176-c-k-c0x00ffffff-no-rj,False
UgwjAgJXPrafrZVaL1Z4AaABAg,Yes.  The best joke he ever told.  Saw it live and it is still a great joke today.,7 months ago,UP Rebel,UC_pAby4ZmZRwfxOU5hTFCSQ,0,https://yt3.ggpht.com/ytc/AKedOLTDYshBxI7a7r8zAmDqSH6mj98Dzjj5LjVVTQ=s176-c-k-c0x00ffffff-no-rj,False
UgxOqw9vomnIu5ozmBZ4AaABAg,"RIP legend, we missed you.",7 months ago,Augustus,UCsMtVQSJ5n-e4QzmVLqN0qA,1,https://yt3.ggpht.com/ytc/AKedOLTC3raz5QaNMftG6UUaN252wY2tQz_-ZqtqNMVfNA=s176-c-k-c0x00ffffff-no-rj,False
Ugx1djlZ0PkS5G-bHCB4AaABAg,His death was a tragedy...at the time.,7 months ago,Jason Woodall,UChD_gTMtIybVmVrxJuOkwnA,0,https://yt3.ggpht.com/ytc/AKedOLT2IyRvSI5gwAvbeUyVP95JAMoTpnctvZhGkQ=s176-c-k-c0x00ffffff-no-rj,False
UgynTLPMr9TE9DvLXQ14AaABAg,Norm was one of the best. He gave Mr hours of joy. God bless him.,7 months ago,Sebasti√°n Torres,UCHD8104itHbapz8beI0brHA,0,https://yt3.ggpht.com/ytc/AKedOLTePHYcw9GKLjFcfFbZ_iEkf9cnWaFp_Vbh0Q=s176-c-k-c0x00ffffff-no-rj,False
Ugz-PPlcyGb10hmwiAh4AaABAg,üòÇüòÇüî•üî•üî•üî•üî•üî•,7 months ago,Spitty,UClH23SoikYf0dmTJkxB2Kpw,0,https://yt3.ggpht.com/NiVOdCI4NAdvQtM-0i5V3HAEMW2EriAJuWjAK-JtTwBix9Z_pox-qTJ3xrMtlNhvgkfUQLkP=s176-c-k-c0x00ffffff-no-rj,False
Ugyh7I-pLZCSjFExnX94AaABAg,"‚Äúthe most popular halloween costume is OJ Simpson, while the most popular halloween greeting is i‚Äôll kill you and that guy bringing over your glasses‚Ä¶or treat‚Äù

that was my favorite though all his OJ jokes are solid gold",7 months ago (edited),Raised On Popcorn With Grant,UCbQmrxJp7tFooSX01kwPxDQ,4,https://yt3.ggpht.com/RHO2uIO9pe4VdnKWeIXZ8fmLiVIXfZTFgI_VeddI2SfhR3zHyKsjb4KgyAaEofsTrQ5fLXrhGw=s176-c-k-c0x00ffffff-no-rj,False
UgynIkbg-8lx26JRDOh4AaABAg,"As long as OJ, a murderer, walks free, this planet is doomed. It shows that justice is 100% dead",7 months ago,Eclipse538,UCUp8h0mEiM2hcCLYR74T3eA,0,https://yt3.ggpht.com/ytc/AKedOLRJPZOV8GmIgJNI7XUMEp7I9G_E111qDrxARPAL=s176-c-k-c0x00ffffff-no-rj,False
UgxcJyGl6OJVygrOxcR4AaABAg,"The best one is the joke about people who say the thing that really bothers them about the whole Bill Cosby thing is the hypocrisy of it all, Cosby's hypocrisy about being a great dad and everything.  The thing that bugged Norm was all the raping, you know, the drugging and the raping of all those women.",7 months ago (edited),makinoah cello duo,UCYQwGNjuNZpKKmSXBPMZOmw,1,https://yt3.ggpht.com/ytc/AKedOLQLLAUNflmEtVZP6cvO8GibZfOIXHqSprvTrw=s176-c-k-c0x00ffffff-no-rj,False
UgznZ1JS29tfjyIB0hJ4AaABAg,"BASED
RIP",7 months ago (edited),john sun,UC2xtpL0sg9VpAONZMvvZEjg,0,https://yt3.ggpht.com/ytc/AKedOLSKVgWYDCHPxexrLRXI6ET9XBrzbeJ9L4KwPlY9=s176-c-k-c0x00ffffff-no-rj,False
UgyNEEcpabgSJhhX3mJ4AaABAg,"We lose norm, but we get to keep OJ?  Gaaaaaaay",7 months ago,Marquis Facade,UCdusY_eJLPomNHAs2Kp2BlQ,0,https://yt3.ggpht.com/ytc/AKedOLT5VdJVonLalhyrd0BgrkwIXfxyH-0V6Sjrmmt1=s176-c-k-c0x00ffffff-no-rj,False
UgzPopDnQQzNG-H2kYV4AaABAg,"Norm was such a legend during the OJ stuff. And in general, but ESPECIALLY then",7 months ago (edited),DSM The Editor,UChHQKEdk8TqCFxbO88iJiqg,0,https://yt3.ggpht.com/_Y5_Ywvf7oLQT7efMNpXODKEq4jWimuhE4Qma25CKR_z36bGqxfvnF4yGvIaWr8et6EaBF5-TQ=s176-c-k-c0x00ffffff-no-rj,False
Ugw4paMnigkPRVHJfw14AaABAg,"Another punchline could have been ""if only it hadn't been a knife that killed her, OJ may have saved her.""",7 months ago,jones81381,UChE-_UE8kMHlzrR4g5QgTIA,0,https://yt3.ggpht.com/ytc/AKedOLReB8vGlQoi3UR00-D-xHIEYvtyLguevXt_eeUp=s176-c-k-c0x00ffffff-no-rj,False
UgzYC5VkwH2pRrorqTt4AaABAg,W,7 months ago,kr1s c0ve,UCq3e1gT4MJiKOMMKmF0QZ8Q,0,https://yt3.ggpht.com/ytc/AKedOLRCpWmm7tFUcRq3VxQGrGA3XJlNeZNtRgoEcaowbQ=s176-c-k-c0x00ffffff-no-rj,False
UgyEINh78GmG0RCJMf54AaABAg.9Sc6ORH_6Sc9SyfYP1nObJ,"WTF? He is guilty! His blood and prints were there, nobody else's ü§£",7 months ago,SecureTheBorder,UC9PsQY6Bcp-8ktdTD61nKcA,1,https://yt3.ggpht.com/ytc/AKedOLT1L0OK7VIzlVVoCVxdwTNer9WVlZIB0t2Ejl7s=s176-c-k-c0x00ffffff-no-rj,False
UgwhFTafqszuSkP75K94AaABAg,I'm just glad it wasn't a massive heart attack.,7 months ago,Lawrence Lenerd,UCtHx_wsYNu0KnwSjDha2upw,0,https://yt3.ggpht.com/ytc/AKedOLTJRxVEiFimz03wy5ty4OE6fX1kdFqmemnhhRXXNt_3R8hQ6_EYIxQ96QMb4yFE=s176-c-k-c0x00ffffff-no-rj,False
UgwbZiIiB4lGPq5c0id4AaABAg,I watched a complication of his OJ jokes and thought this one was the funniest too. Nice!,7 months ago,ski,UCtXfNVb4qSJuD4_datePrqQ,0,https://yt3.ggpht.com/ytc/AKedOLTZCnL0UddYmTnEUcX8paIjNk88VGG4SqsOXg=s176-c-k-c0x00ffffff-no-rj,False
UgxxRCnJNkttmmMsdfZ4AaABAg,"1998 ESPYs: ""‚ÄúAnd there‚Äôs Charles Woodson! How about that? What a season he had. He became the first defensive player to win the Heisman Trophy. Congratulations, Charles, that is something that no one can ever take away from you. Unless you kill your wife and a waiter, in which case, all bets are off.‚Äù",7 months ago,Brad Stewart,UC9qeXE-cy6Ze6kj3a3B3PjQ,52,https://yt3.ggpht.com/ytc/AKedOLRyOy2v813yOCCtsWwWqrWyqhZ7p8rT5ruERBpJ=s176-c-k-c0x00ffffff-no-rj,False
UgwlWTFES7G6fwv9HoN4AaABAg,"""I'm not saying he should have killed her, I'm just saying I understand""",7 months ago,Massimo Orillia,UCxJhS2452ItvoE6FMnl4gNw,0,https://yt3.ggpht.com/ytc/AKedOLRY-xTVAI9IHxe7jTSWAfofKBUN-wxUc5580xYS9Q=s176-c-k-c0x00ffffff-no-rj,False
UgwczN3x8y9Iuv-QX-V4AaABAg,"God bless Norm. Hes in heaven now. Where OJ Simpson will never, ever be.",7 months ago,liouy cnny,UCTDAA11uXYFCf2Snxx1y_gQ,1,https://yt3.ggpht.com/JolerIL-4HX3ZUsXHrJtesE9YJR2Vl4i3RHeBEzKpy-hErOC6pQySO0fQ7WeA74Sat0xqvGWw5Q=s176-c-k-c0x00ffffff-no-rj,False
UgxigPAEZPlEKQzsmhJ4AaABAg,The math checks out,7 months ago,appidydafoo,UCgE2VBtkNISbDxhsuauRhNA,0,https://yt3.ggpht.com/ytc/AKedOLSTr-1I9GVN3FALK2fF47WttbgBDslUEwTbOpNNhQ=s176-c-k-c0x00ffffff-no-rj,False
Ugz4GULB8ApwjN5icrt4AaABAg,Drew Carey in the audience,7 months ago,Further Back,UCV5RGuA0_rpwtnvdl8LU86A,0,https://yt3.ggpht.com/ytc/AKedOLTsFvqJGhefkS7htFbnORqMQq0bmjXQ4AgKow=s176-c-k-c0x00ffffff-no-rj,False
Ugx77oFgqJavTNGUILV4AaABAg,RIP Norm.  You brought us so much.,7 months ago,truthtopower,UCfjV7dKQWQKOqZOfGKczzVg,0,https://yt3.ggpht.com/ytc/AKedOLSaUqzv93RAuguGElmolQurhAwngVZcrxmqXA=s176-c-k-c0x00ffffff-no-rj,False
UgyeQSkGgKTNk3tqKMR4AaABAg,Got fired over truth. Only in the La La Land/ America 2021.,7 months ago,orquidea king,UCHfTGZmbaAZ4SNvFYPBuYbg,0,https://yt3.ggpht.com/ytc/AKedOLSRtZ4-dcKiGCGhYrNWB30OYykEsfJJ0s7V93xg=s176-c-k-c0x00ffffff-no-rj,False
UgzCpNFXE8FsDUq_FHd4AaABAg,I thought for sure it was going to be a stabbing joke when knife didn't make the list.,7 months ago,InformationIsTheEdge,UCIn36-vSG9GqzwB3DbVYzBQ,0,https://yt3.ggpht.com/ytc/AKedOLQoazRdfPv5dQVRKTDbg1qvQQM3reXeFNuE0Q=s176-c-k-c0x00ffffff-no-rj,False
UgzUk1_jjl1GBED6_uR4AaABAg,Everybody laughs...,7 months ago,DaliiLars,UCSqfl0MBQ6e6Hy_0RJ3yjig,1,https://yt3.ggpht.com/ytc/AKedOLTb6mJwotBS1_OmC9MBHrpJE-ohcrCpmtDqBfcz=s176-c-k-c0x00ffffff-no-rj,False
Ugy2wub8DizJm7iuxaZ4AaABAg,"Sad times.  Norm is gone, but OJ lives on.",7 months ago,Threedog,UCzJlGYJ4VNfuGJ_gqSS7VnQ,0,https://yt3.ggpht.com/ytc/AKedOLTEzqIu3EegRYJt1dwxsCTfDZzXpdOW6DxWXvGJ=s176-c-k-c0x00ffffff-no-rj,False
Ugx9CqcaUSFHDnvKZfx4AaABAg,"""dogs don't talk, I'm not stupid""...RIP Norm you were the best <3",7 months ago,Paul Reider,UCL08ft2W3JKyyyYvuM_oDzg,0,https://yt3.ggpht.com/ytc/AKedOLS-VqhfdhiRP3KuyX9IUL9ppUWfMWZa8TmLxg=s176-c-k-c0x00ffffff-no-rj,False
Ugx54uW-L_FNuwyYFyZ4AaABAg,Norm was the best. RIP!,7 months ago,Jarrod Barkley,UCVznOJva8q5v4xiz6YdHPcA,0,https://yt3.ggpht.com/ytc/AKedOLTCCLLuMnqQ6olicRGyUIXIz8EiAVQXnqb8wQ=s176-c-k-c0x00ffffff-no-rj,False
UgxZqFRy6So-AgB9ucF4AaABAg,...or so the Germans would have you believe.,7 months ago,Ernesto Lombardo,UCrFVW6Q16KP0lS8580uj6sQ,0,https://yt3.ggpht.com/ytc/AKedOLQxp8mW6WK_PCiL4MWJgNflWmx4HosteoybSg=s176-c-k-c0x00ffffff-no-rj,False
UgyhaLrlmzb6BiGRC9R4AaABAg,Ffs first Trever Moore and now Norm McDonald...? It breaks my heart into billion fricking pieces seeing these people who basically leave me in stitches on a regular basis pass away. Fuck man...,7 months ago,FunkyGhostHD,UCtaPWmfO6U2hXdZFSPdJceg,0,https://yt3.ggpht.com/ytc/AKedOLSJbR1_VFtxbFXLMbEANjWSXsVKVo7hKodtWqBTnw=s176-c-k-c0x00ffffff-no-rj,False
Ugy9wutM3yEctiI6j754AaABAg,"RIP Turd Ferguson - love ya, man",7 months ago,Festus Nord McCrapweasel,UC4bWxR8xye8p5NZlRNC07tQ,0,https://yt3.ggpht.com/ytc/AKedOLTZ2uj9YzVFzzas7ANSwSxpDU4Luxidc0BrMGXSGg=s176-c-k-c0x00ffffff-no-rj,False
UgyXH8veBPd0M6Lx2K94AaABAg,"That was his best...üôÑ
I'm sorry for his passing but will reiterate ,he wasn't funny...",7 months ago,Art Vandelay,UCe-Es1cZd42i94zwJ1serzA,0,https://yt3.ggpht.com/ytc/AKedOLTrbTtnktIvsrZbDrG3O5BGauLD0-akygyS61KJnQ=s176-c-k-c0x00ffffff-no-rj,False
Ugx_3GHZu-OLmWx_kr54AaABAg,Racist,7 months ago,zerocapacitance1,UCsq57ZKLqwQdCT1fVrthJqA,0,https://yt3.ggpht.com/ytc/AKedOLQRA54RKVKZz_dhKiG87FJpAVnDJbQKrFYX4w=s176-c-k-c0x00ffffff-no-rj,False
Ugxpg5rg31FQwp69iXx4AaABAg,Love Norm Macdonald,7 months ago,FEFEFILM PROD,UC68b_X0yfdKSSCU6FULZv1Q,0,https://yt3.ggpht.com/ytc/AKedOLSnosdUkXfJsQn2TP9fYptIvYs7sHJUP5EHrQ=s176-c-k-c0x00ffffff-no-rj,False
UgzCpNFXE8FsDUq_FHd4AaABAg.9SUYsj8tLmW9SUqYRkQ6tk,"Though he had a writer that he was very complimentary of, on SNL, so it isn't always his joke. Sam show, I also like the women drivers joke.",7 months ago,liouy cnny,UCTDAA11uXYFCf2Snxx1y_gQ,0,https://yt3.ggpht.com/JolerIL-4HX3ZUsXHrJtesE9YJR2Vl4i3RHeBEzKpy-hErOC6pQySO0fQ7WeA74Sat0xqvGWw5Q=s176-c-k-c0x00ffffff-no-rj,False
UgyXH8veBPd0M6Lx2K94AaABAg.9ST-S7VFngL9ST174OwK-Z,It's all opinion some people are funny to a lot some people and to others they are not.,7 months ago,Steve Bragg,UCjHq8UDiH77MWkRMP81JXZw,0,https://yt3.ggpht.com/ytc/AKedOLQVnTLK5KaXep4qTzJSemTY_lxHhSEjeAIRtNGh=s176-c-k-c0x00ffffff-no-rj,False
Ugx_3GHZu-OLmWx_kr54AaABAg.9ST-OWpqRkq9STkDqw_WuP,Murderer isn't a race,7 months ago,Gareth White,UCaTpiqeChW8isSROhSNdVaQ,0,https://yt3.ggpht.com/ytc/AKedOLT-JG4O5MCGDccsVIJbkQCseKOwBIqEPpNwZxSy=s176-c-k-c0x00ffffff-no-rj,False
UgzHHohYLJxJKqpU1pl4AaABAg,He had such a great delivery.,7 months ago,Richard Buchanan,UCbdOxTyGpIu9sil7R3fvzVQ,0,https://yt3.ggpht.com/ytc/AKedOLQV98ZENSxjra65XGj-AzQUx7W62hSAAPO_2w=s176-c-k-c0x00ffffff-no-rj,False
UgwwIwfYjuQI6CNlcIt4AaABAg,"Though he had a writer that he was very complimentary of, on SNL, so it isn't always his joke.

Sam show, I also like the women drivers joke.",7 months ago,Hondo Trailside,UCg-niG8r5iBjMLJtgnvNGTg,0,https://yt3.ggpht.com/ytc/AKedOLR5P1L2zfChmYsHOlOYHia4agqyXBtCdVubdw=s176-c-k-c0x00ffffff-no-rj,False
Ugw8UmNMT4CXcUDaijJ4AaABAg,OJ didn't kill Nicole. He murdered her.,7 months ago,Dr. Pepper,UCZ3Z95Re5laG0LeJagVfrHw,0,https://yt3.ggpht.com/ytc/AKedOLQeO17E08uVbbiSqy2TK0AKqjT4Bo38M_ZzfP7CzQ=s176-c-k-c0x00ffffff-no-rj,False
Ugy_seK75sKjNdIPG9l4AaABAg,"Hey, take it easy with that! That's my lucky stabbin' hat.""",7 months ago,Papa Woody,UCdbeK1Y5Xs1a9daZI8M27uw,1,https://yt3.ggpht.com/ytc/AKedOLQRuExS_T5rNacH5_qcSTr12L80G0q49Q0ATw=s176-c-k-c0x00ffffff-no-rj,False
UgxfdZTVvibPh-toKst4AaABAg,RIP Norm.,7 months ago,Dragons Tooth,UC0-0Wx6-mS4BCNFOIqmRY5Q,0,https://yt3.ggpht.com/ytc/AKedOLRaiux36x1l2OyVeK0n2NvMtMT6r1RHcQkojMok0A=s176-c-k-c0x00ffffff-no-rj,False
UgwY4D9RvaoIT_GjiUN4AaABAg,"My favorite Norm McDonald joke was about the presenting of Kenny G's Christmas Album. ""Happy Birthday Jesus, I hope you like some crap!""",7 months ago,Dz Nutz,UC3_gRkheRRIhgtlj1j0c5tw,0,https://yt3.ggpht.com/ytc/AKedOLTQ5XKX6Fx6B-GdanawbG0UPNA3Wbyr_AYK_zlE=s176-c-k-c0x00ffffff-no-rj,False
UgynuM1eLeWCCR7nmHZ4AaABAg,"If only Norm could have passed away on ... 9/11. (  Good Lord, man... don‚Äôt laugh about 9/11 üòí )",7 months ago,Garrett Kniffen,UCzYnyLzQj1yqlRg_PVpFmfg,0,https://yt3.ggpht.com/ytc/AKedOLR1EtQtUDqbBQApEcfINQ2t53jlCX3j4410eQHBSw=s176-c-k-c0x00ffffff-no-rj,False
Ugx08oD7TQ5IHYo2u9B4AaABAg,Wasn't this the one that got him fired from SNL?,7 months ago,Chad Cuckproducer,UCybemqdDYGMqjuJxW1qiTUA,0,https://yt3.ggpht.com/ytc/AKedOLSDTmpZJ8ByXcpS6Gpwyi0-cOFakye27555nw=s176-c-k-c0x00ffffff-no-rj,False
UgxaN_1wjH2m-wvISid4AaABAg,"Not even close to his best joke,  but it was good.   His joke about the Doghouse and being gay was WAY better.",7 months ago,Milkman3572000,UCv4lwXE1fp5jGJ-1SZ_xXeg,0,https://yt3.ggpht.com/ytc/AKedOLSRY-x-I7uPegiIyu2eRdBndYA9j2XaM0bCcQ=s176-c-k-c0x00ffffff-no-rj,False
Ugw5AwmAWCw8E-sJzU54AaABAg,"""I named my dog 'Syndrome', so that whenever he attacks somebody I can yell Down Syndrone!""",7 months ago,John Tucker,UCW3JQU2N3EPwk0FVuqC-ryg,1,https://yt3.ggpht.com/ytc/AKedOLS_UJD4zgxYpVeeXXkL1FEYxjj1sW0_jVWLLQ=s176-c-k-c0x00ffffff-no-rj,False
Ugx7Hox7geqMEk4drhF4AaABAg,Norm was as Canadian as it gets R.I.P to the great !,7 months ago,Brandon McGillis,UCBmlOEcCmy5F2SeascpzMgQ,0,https://yt3.ggpht.com/ytc/AKedOLQ4FoP6uu8MjIGFwSGlXZ-BhbYGfTFoE1RM-RQLKg=s176-c-k-c0x00ffffff-no-rj,False
Ugx6vDt1zBxWmpzOqeB4AaABAg,thats the worst luck,7 months ago,Matt C,UCfSDWka2df39qgnu6Mw6TwA,0,https://yt3.ggpht.com/ytc/AKedOLRIovyIr3Svsnb-vzRxl1VAD8R741VKUC_FPA=s176-c-k-c0x00ffffff-no-rj,False
Ugx2pBX1H51H1XSXflV4AaABAg,"Ironically, the person most likely to die for you is in fact the person most likely to kill you if they feel betrayed by you. I think that's exactly what happened in the O.J. case when he found out she was cheating on him.",7 months ago,JoeGolf25,UCT3doUq0ZbMglD8-iFy_3-g,0,https://yt3.ggpht.com/ytc/AKedOLS8CWf3Z4Q7MlUICz8ViNWqytCgcMm-t3ZkkCe1OEAUGCPmxqVJud58ULUlRFjs=s176-c-k-c0x00ffffff-no-rj,False
UgwoOk9ocdQKiLW3xLp4AaABAg,"yeah, it's unfortunate that that POS OJ Simpson is still alive.",7 months ago,Professor 420,UCx9LgWnP3S-vlCCeyCIPfRw,1,https://yt3.ggpht.com/ytc/AKedOLRLZC5ZLTJd901-ZaeX2ko74iCvMxxDCaRQYapX=s176-c-k-c0x00ffffff-no-rj,False
UgwPRoYBRM5Dcdd6ssl4AaABAg,"Sorry, not funny, not what we call ""black humor.""",7 months ago,bluecadillac,UCRDtepRhq_wb6PGzWzsTGqw,0,https://yt3.ggpht.com/ytc/AKedOLS778g_qXtJAvyqPYLAaYL4yVqND3nCyHL2bymD=s176-c-k-c0x00ffffff-no-rj,False
UgwVCZBpQDlyDqLkAAZ4AaABAg,How is his delivery so perfect,7 months ago,KEVOAM,UCUmXMSeJmHG0V6ZeqRasf1w,0,https://yt3.ggpht.com/rVkbouxjkwhaL8TlzlLxaq6g8ZPwOpMwIiwOY3v4v7NuFv4Qt10NpwpXoyJ-ldJ-mKqU0M01Rg=s176-c-k-c0x00ffffff-no-rj,False
UgxMLj2xSKyoFcab7kl4AaABAg,Look up Norm‚Äôs ‚Äúmoth joke‚Äù.,7 months ago,walpolescrew,UCXxh7w6CKE1J0lZxi0TTt-g,0,https://yt3.ggpht.com/ytc/AKedOLT0lDlyxLfcgvF0OqyJ_evhSktXPC8XGAz7EQ=s176-c-k-c0x00ffffff-no-rj,False
UgwyvYY5BSNiBu97tMV4AaABAg,Bruno Mars would've catched  a grenade for ya,7 months ago,Kipper Republic,UCLrP_uLCwH1AjLnTA0yv9Ag,0,https://yt3.ggpht.com/ytc/AKedOLQCegrtgSsBT-EmfK2Ik0tr0fS31pFSPcwkMvODJw=s176-c-k-c0x00ffffff-no-rj,False
UgydUXX9c-AvrgSs7AF4AaABAg,"I disagree, his best joke ever is the ""Professor of Logic"" joke using the Hard F word",7 months ago,rafael cisneros,UCTIz3-gaC2HWq2RaRNo17aw,0,https://yt3.ggpht.com/ytc/AKedOLSs9zA3UbNU-HoUhJM52Vd_n4LixKe6GgnjlFzv=s176-c-k-c0x00ffffff-no-rj,False
UgyJjvfCMCOfl5qk5UZ4AaABAg,Miss you norm ü•≤,7 months ago,OllieSMH,UCtNav4sbjfcRwDqdTcog8AA,1,https://yt3.ggpht.com/0Xn6VwFev4SophZUJ1Oz6kExqhrvODuEH2CH74TML4fG6d0K6F-_EHKgvX_S9PnRkdflOLN6=s176-c-k-c0x00ffffff-no-rj,False
UgwPRoYBRM5Dcdd6ssl4AaABAg.9SSLw4gUrWC9SSNRyCzb_o,"It's really funny, maybe you're just a little too soft for his humor",7 months ago,Kevin H.,UCRfv_IqgGToD54rk8Ruh5tg,0,https://yt3.ggpht.com/ytc/AKedOLR5m5h1G3cJxgfCQaYhuJy-qyznjGN4ByFZ2Q=s176-c-k-c0x00ffffff-no-rj,False
UgxxVHIVHOHZOyI26ZB4AaABAg,My norm tribute https://youtu.be/O8h3jeDSaGs,7 months ago,Lennys Printer,UC3jJgduhOw-2sQAcpRAp9Jw,0,https://yt3.ggpht.com/ytc/AKedOLTkmwURkTYo4MkYrftwWCDj5A6VN9h0wRe-RE4A=s176-c-k-c0x00ffffff-no-rj,False
UgwNW6MlK9s84ENhCGZ4AaABAg,"Is he dead? Holy shit. I'm reading down the comments and he died a few days ago! I've followed his humour for years. I love his Letterman stuff and all the rest. How awful. 
I don't have a tv so I never heard. Shit.",7 months ago (edited),Ingur Lund,UCR-6Bza54uTTocKM1CiEPtw,0,https://yt3.ggpht.com/ytc/AKedOLQ48dDmPyNwyYAYauDX86tIkp6jJQo-vxZMhA=s176-c-k-c0x00ffffff-no-rj,False
UgydZfdRHwCQ4Ov9zTh4AaABAg,We miss you Norm! Hope you are at peace.,7 months ago,Nate Skidmore,UCHdSOe9o8KaZRg-AI17XKGg,0,https://yt3.ggpht.com/ytc/AKedOLSd7ojEQluD5i7r4f06__pbQFHwgyuP-b73hA=s176-c-k-c0x00ffffff-no-rj,False
UgwrN-Ttk_0MkcMDOip4AaABAg,"far far far from Norm Macdonald's best joke. if you think this was his best joke, you can't be much of a Norm Macdonald fan",7 months ago,Steve Swangler,UChsCi0OaIuludlE_ccsLL_A,0,https://yt3.ggpht.com/ytc/AKedOLT-ucGKqh80bMWryKwcUNm6T2Nm9hgzAbungg=s176-c-k-c0x00ffffff-no-rj,False
UgwOAXhEJ8M5dUl11gt4AaABAg,"""Hey, careful with that! That's my lucky stabbing hat!""",7 months ago,Andy Sedgley,UC2CW78HdetnIbnMOp-3c2IA,0,https://yt3.ggpht.com/ytc/AKedOLSr6iggiHpPbTYIuVCGGcFjjNR2Q7TBwM2F3bS6zg=s176-c-k-c0x00ffffff-no-rj,False
Ugx38Y-j-m4yFr3N0B54AaABAg,and that‚Äôs the joke that pissed off his boss at NBC to the point of trying everything possible to get him fired,7 months ago,Boston Railfan,UCGz3PcLeVplydFU0lgCRIeA,0,https://yt3.ggpht.com/ytc/AKedOLSu0LhuJDWk45RhLCb4G6_oKXx-BTLbMX2lwGlzsg=s176-c-k-c0x00ffffff-no-rj,False
UgzjCFZGqu93t8C3gLp4AaABAg,So bummed that OJ Simpson outlived Norm,7 months ago,iLoveJackingOn,UCYDxvRxH5tu5qJrvPbw5zOw,0,https://yt3.ggpht.com/ytc/AKedOLSTky9-YD0trBdZaTpQKr6XFVlRTRLX_pY4FA=s176-c-k-c0x00ffffff-no-rj,False
UgzHJUxOLuHwMfSsx7J4AaABAg,So good,7 months ago,I Created An Account For This,UC8M0l1WWWiFRnGx-g_XPfbg,0,https://yt3.ggpht.com/ytc/AKedOLS0YMnSzpqdYerQqXM_1q-bPUaBdfy-PHdSYOcN=s176-c-k-c0x00ffffff-no-rj,False
Ugz_DQ3GPu1GgWAUwTJ4AaABAg,R.i.p,7 months ago,nat K,UCGDDHOLH6TNbCd8QYShGRxQ,0,https://yt3.ggpht.com/ytc/AKedOLQEi1vXsj23kQRfZCltaHJ_35fucHEljUcchDJmHw=s176-c-k-c0x00ffffff-no-rj,False
Ugzha_gwOdwv2adW7y54AaABAg,"He had an appearance on The Drew Carey Show that made me laugh. He was walking in front of a janitor, deliberately spilling coffee, saying, ""Missed a spot. Missed a spot.""",7 months ago,Paul Wetor,UCjkPGdE-FjKxrZocKSid8Eg,1,https://yt3.ggpht.com/ytc/AKedOLTrwl2O5j1ATjkUtHFgr9z-9gYxD0UvYllPK3SD=s176-c-k-c0x00ffffff-no-rj,False
UgzplRgpbfp6-Q1k6Kl4AaABAg,Lucky stabbin' hat joke is better but they're all good.,7 months ago,Bill Malec,UCAW-IOQcD04XkXTFcH11WAA,0,https://yt3.ggpht.com/l2p7kVxXM_3FGKz3IQUYby6I8yX1FAM975ZXVA5HQ-xwJpwy3iKnUdsczY1ivWSIquhv2SUu=s176-c-k-c0x00ffffff-no-rj,False
UgzGoqKJ4GF1J8vJ8jp4AaABAg,That's indeed great joke,7 months ago,Krzysiek Mazanek,UCdqT97dg3-CIQ3zqGQE4e0w,0,https://yt3.ggpht.com/ytc/AKedOLRpOB6YCPY9McnghMduVs3I4ICmfDhZtYYJB0KXTw=s176-c-k-c0x00ffffff-no-rj,False
UgyMurIaQBxsGHeNFD54AaABAg,Damn I loved watching videos of Norm on YT. Sad to getting told in the comment section he passed away three days ago,7 months ago,JTM 610,UCQwEBn8fHJsOOQQEfJr5ztg,0,https://yt3.ggpht.com/ytc/AKedOLStDwFlzjYh6IKItBDDqzyq2sfGazR_ozmDbypk6w=s176-c-k-c0x00ffffff-no-rj,False
Ugz1qYCmfmGKJi3IsuJ4AaABAg,That was his best joke? No wonder I don't know him.,7 months ago,Simple Man,UCHspO780gntU4Eb64iHMMGw,0,https://yt3.ggpht.com/ytc/AKedOLQxXG9vraaDCn3e8HQ6I3Ro8hr0CZHPdBXRcA=s176-c-k-c0x00ffffff-no-rj,False
UgyM0HKGnpC6XEloiI94AaABAg,"Holy shit I unironically thought the description was a joke, RIP :c",7 months ago,Yeard491,UC8NxQ4pg2FfHTkTVDOqA1nw,0,https://yt3.ggpht.com/ytc/AKedOLQ-CJSaEyM9XmP2EwTIK6jEXwWcpUZuGNMqX3pt=s176-c-k-c0x00ffffff-no-rj,False
